"Handle","Title","Body (HTML)","Vendor","Type","Tags","Published","Option1 Name","Option1 Value","Variant SKU","Variant Inventory Tracker","Variant Inventory Qty","Variant Inventory Policy","Variant Fulfillment Service","Variant Price","Variant Requires Shipping","Variant Taxable","Image Src","Image Position","Image Alt Text","Gift Card","SEO Title","SEO Description","Status"
"cookware-set-2-3-4","Conjunto: Panela 2L + Panela 3L + Panela de Pressão 4L + Brinde","<p>Este conjunto é ideal para quem gosta de cozinhar maiores quantidades de comida! Feito à mão por artesãos locais com pedra-sabão vulcânica de qualidade premium, este conjunto cobre todas as suas necessidades culinárias: panelas para cozimento lento e uma autêntica panela de pressão de pedra.</p><h3>O que está incluso</h3><ul><li>1 x Panela de pedra-sabão, 2 litros (Altura: 9,5 cm, diâmetro: 22 cm)</li><li>1 x Panela de pedra-sabão, 3 litros (Altura: 9,5 cm, diâmetro: 27 cm)</li><li>1 x Panela de pressão de pedra-sabão de 4 litros (Altura: 15 cm, diâmetro: 25 cm)</li><li>1 x Kit Inicial Culinário Grátis (Óleo de Cura e Ervas Artesanais)</li></ul><h3>Por que pedra-sabão</h3><ul><li>Tem a capacidade de liberar gradualmente o calor contido na pedra, mantendo os alimentos quentes por cerca de 1 a 2 horas após o cozimento.</li><li>Muito mais saudável! Estudos recentes indicam a transferência de nutrientes benéficos (Fe, Zn, Ca, Mg) da panela para a comida.</li><li>A pedra-sabão é um material extremamente durável; se bem cuidada, durará centenas de anos.</li><li>As panelas são naturalmente antiaderentes, facilitando muito a limpeza e o cozimento.</li><li>Pode ser usada em fogão a gás, fogão a lenha e também no forno!</li></ul><p><strong>Especificações:</strong> 2L + 3L + 4L · Fogão a Lenha · Gás · Forno</p><p><strong>Garantia:</strong> 3 meses contra defeitos de fabricação.</p><p><em>As panelas de pedra são feitas em um processo totalmente artesanal, por isso pode haver pequenas variações nas dimensões das peças.</em></p>","Stoneflame","sets","sets, Conjunto Especial, pedra-sabao, artesanal","TRUE","Title","Default Title","COOKWARE_SET_2_3_4","shopify","10","deny","manual","3245.00","TRUE","TRUE","https://raw.githubusercontent.com/igormart21/stoneflame/main/public/products/cookware-set-2-3-4/c8dc39b1-cc28-4c63-880e-6cf6a48e23af.png","1","Conjunto: Panela 2L + Panela 3L + Panela de Pressão 4L + Brinde","FALSE","Conjunto: Panela 2L + Panela 3L + Panela de Pressão 4L + Brinde","O conjunto definitivo para quem gosta de cozinhar em maior quantidade!","active"
"cookware-set-2-3-4","","","","","","","","","","","","","","","","","https://raw.githubusercontent.com/igormart21/stoneflame/main/public/products/cookware-set-2-3-4/main.webp","2","Conjunto: Panela 2L + Panela 3L + Panela de Pressão 4L + Brinde","","","",""
"cookware-set-2-3-4","","","","","","","","","","","","","","","","","https://raw.githubusercontent.com/igormart21/stoneflame/main/public/products/cookware-set-2-3-4/e60c674f-37a4-4875-9217-abbe76d49ffc.png","3","Conjunto: Panela 2L + Panela 3L + Panela de Pressão 4L + Brinde","","","",""
"cookware-set-2-3-4","","","","","","","","","","","","","","","","","https://raw.githubusercontent.com/igormart21/stoneflame/main/public/products/cookware-set-2-3-4/ba8b264a-eaec-4529-83da-3090c2b32180.png","4","Conjunto: Panela 2L + Panela 3L + Panela de Pressão 4L + Brinde","","","",""
"soapstone-pressure-cooker-7l","Panela de Pressão de Pedra-Sabão - 7 Litros","<p>Esta panela de pressão de pedra-sabão foi desenvolvida para oferecer uma experiência de cozimento superior. 100% segura, permite a abertura durante o preparo dos alimentos, proporcionando mais controle, tranquilidade e praticidade no dia a dia. Sua principal vantagem está na retenção e liberação gradual do calor, mantendo os alimentos quentes por 1 a 2 horas após o término do cozimento, preservando sabor, textura e qualidade térmica por muito mais tempo. Além disso, é uma escolha mais saudável. Estudos recentes indicam que a pedra-sabão pode transferir minerais benéficos como ferro (Fe), zinco (Zn), cálcio (Ca) e magnésio (Mg) para os alimentos, contribuindo para uma dieta mais nutritiva. O material é totalmente livre de substâncias tóxicas, garantindo segurança para você e sua família. Extremamente resistente e durável, a pedra-sabão é um material nobre que, bem cuidado, pode durar centenas de anos, tornando esta panela não apenas um utensílio de cozinha, mas um investimento para gerações. Uma combinação perfeita de segurança, saúde, eficiência térmica e durabilidade, ideal para quem valoriza qualidade e bem-estar na cozinha.</p><h3>O que está incluso</h3><ul><li>1 x Panela de Pressão de Pedra-Sabão de 7 Litros</li><li>1 x Tampa de Pedra-Sabão Combinando, com Detalhes em Cobre</li><li>1 x Kit Inicial Culinário Grátis (Óleo de Cura e Ervas Artesanais)</li></ul><h3>Por que pedra-sabão</h3><ul><li>100% segura — pode ser aberta durante o cozimento, oferecendo mais controle e tranquilidade.</li><li>Retém e libera o calor gradualmente, mantendo os alimentos quentes por 1 a 2 horas após o cozimento.</li><li>Refeições mais saudáveis! A pedra-sabão pode transferir minerais benéficos (Ferro, Zinco, Cálcio, Magnésio) para a comida.</li><li>Totalmente livre de substâncias tóxicas, garantindo segurança para você e sua família.</li><li>Extremamente resistente e durável — quando bem cuidada, pode durar centenas de anos.</li></ul><p><strong>Especificações:</strong> 7L · Gás · Fogão a Lenha · Forno</p><p><strong>Garantia:</strong> 3 meses contra defeitos de fabricação.</p><p><em>Por ser uma peça totalmente artesanal, pequenas variações de dimensões, textura e coloração são normais e tornam sua peça única.</em></p>","Stoneflame","pressure-cookers","pressure-cookers, Novo, pedra-sabao, artesanal","TRUE","Title","Default Title","SOAPSTONE_PRESSURE_COOKER_7L","shopify","10","deny","manual","1995.00","TRUE","TRUE","https://raw.githubusercontent.com/igormart21/stoneflame/main/public/products/pressure-cooker-7l/71f4f50d-86c3-4100-bcc0-4b7ba38cf831.png","1","Panela de Pressão de Pedra-Sabão - 7 Litros","FALSE","Panela de Pressão de Pedra-Sabão - 7 Litros","Cozimento sob pressão seguro, redefinido na pedra","active"
"soapstone-pressure-cooker-7l","","","","","","","","","","","","","","","","","https://raw.githubusercontent.com/igormart21/stoneflame/main/public/products/pressure-cooker-7l/58cbe706-93ca-4765-b497-5b0d6baaf71e.png","2","Panela de Pressão de Pedra-Sabão - 7 Litros","","","",""
"soapstone-pressure-cooker-5l","Panela de Pressão de Pedra-Sabão - 5 Litros","<p>Esta panela de pressão de pedra-sabão foi desenvolvida para oferecer uma experiência de cozimento superior. 100% segura, permite a abertura durante o preparo dos alimentos, proporcionando mais controle, tranquilidade e praticidade no dia a dia. Sua principal vantagem está na retenção e liberação gradual do calor, mantendo os alimentos quentes por 1 a 2 horas após o término do cozimento, preservando sabor, textura e qualidade térmica por muito mais tempo. Além disso, é uma escolha mais saudável. Estudos recentes indicam que a pedra-sabão pode transferir minerais benéficos como ferro (Fe), zinco (Zn), cálcio (Ca) e magnésio (Mg) para os alimentos, contribuindo para uma dieta mais nutritiva. O material é totalmente livre de substâncias tóxicas, garantindo segurança para você e sua família. Extremamente resistente e durável, a pedra-sabão é um material nobre que, bem cuidado, pode durar centenas de anos, tornando esta panela não apenas um utensílio de cozinha, mas um investimento para gerações. Uma combinação perfeita de segurança, saúde, eficiência térmica e durabilidade, ideal para quem valoriza qualidade e bem-estar na cozinha.</p><h3>O que está incluso</h3><ul><li>1 x Panela de Pressão de Pedra-Sabão de 5 Litros</li><li>1 x Tampa de Pedra-Sabão Combinando, com Detalhes em Cobre</li><li>1 x Kit Inicial Culinário Grátis (Óleo de Cura e Ervas Artesanais)</li></ul><h3>Por que pedra-sabão</h3><ul><li>100% segura — pode ser aberta durante o cozimento, oferecendo mais controle e tranquilidade.</li><li>Retém e libera o calor gradualmente, mantendo os alimentos quentes por 1 a 2 horas após o cozimento.</li><li>Refeições mais saudáveis! A pedra-sabão pode transferir minerais benéficos (Ferro, Zinco, Cálcio, Magnésio) para a comida.</li><li>Totalmente livre de substâncias tóxicas, garantindo segurança para você e sua família.</li><li>Extremamente resistente e durável — quando bem cuidada, pode durar centenas de anos.</li></ul><p><strong>Especificações:</strong> 5L · Gás · Fogão a Lenha · Forno</p><p><strong>Garantia:</strong> 3 meses contra defeitos de fabricação.</p><p><em>Por ser uma peça totalmente artesanal, pequenas variações de dimensões, textura e coloração são normais e tornam sua peça única.</em></p>","Stoneflame","pressure-cookers","pressure-cookers, Novo, pedra-sabao, artesanal","TRUE","Title","Default Title","SOAPSTONE_PRESSURE_COOKER_5L","shopify","10","deny","manual","1245.00","TRUE","TRUE","https://raw.githubusercontent.com/igormart21/stoneflame/main/public/products/pressure-cooker-5l/58cbe706-93ca-4765-b497-5b0d6baaf71e.png","1","Panela de Pressão de Pedra-Sabão - 5 Litros","FALSE","Panela de Pressão de Pedra-Sabão - 5 Litros","Cozimento sob pressão seguro, redefinido na pedra","active"
"soapstone-pressure-cooker-5l","","","","","","","","","","","","","","","","","https://raw.githubusercontent.com/igormart21/stoneflame/main/public/products/pressure-cooker-5l/84b7f1f4-3efd-4e25-a001-3cecb66af6fb.png","2","Panela de Pressão de Pedra-Sabão - 5 Litros","","","",""
"soapstone-pressure-cooker-5l","","","","","","","","","","","","","","","","","https://raw.githubusercontent.com/igormart21/stoneflame/main/public/products/pressure-cooker-5l/b0bb45a2-3d0d-4fcd-b3f3-e5de5c2767ae.png","3","Panela de Pressão de Pedra-Sabão - 5 Litros","","","",""
"soapstone-pressure-cooker-4l","Panela de Pressão de Pedra-Sabão - 4 Litros","<p>Esta panela de pressão de pedra-sabão foi desenvolvida para oferecer uma experiência de cozimento superior. 100% segura, permite a abertura durante o preparo dos alimentos, proporcionando mais controle, tranquilidade e praticidade no dia a dia. Sua principal vantagem está na retenção e liberação gradual do calor, mantendo os alimentos quentes por 1 a 2 horas após o término do cozimento, preservando sabor, textura e qualidade térmica por muito mais tempo. Além disso, é uma escolha mais saudável. Estudos recentes indicam que a pedra-sabão pode transferir minerais benéficos como ferro (Fe), zinco (Zn), cálcio (Ca) e magnésio (Mg) para os alimentos, contribuindo para uma dieta mais nutritiva. O material é totalmente livre de substâncias tóxicas, garantindo segurança para você e sua família. Extremamente resistente e durável, a pedra-sabão é um material nobre que, bem cuidado, pode durar centenas de anos, tornando esta panela não apenas um utensílio de cozinha, mas um investimento para gerações. Uma combinação perfeita de segurança, saúde, eficiência térmica e durabilidade, ideal para quem valoriza qualidade e bem-estar na cozinha.</p><h3>O que está incluso</h3><ul><li>1 x Panela de Pressão de Pedra-Sabão de 4 Litros</li><li>1 x Tampa de Pedra-Sabão Combinando, com Detalhes em Cobre</li><li>1 x Kit Inicial Culinário Grátis (Óleo de Cura e Ervas Artesanais)</li></ul><h3>Por que pedra-sabão</h3><ul><li>100% segura — pode ser aberta durante o cozimento, oferecendo mais controle e tranquilidade.</li><li>Retém e libera o calor gradualmente, mantendo os alimentos quentes por 1 a 2 horas após o cozimento.</li><li>Refeições mais saudáveis! A pedra-sabão pode transferir minerais benéficos (Ferro, Zinco, Cálcio, Magnésio) para a comida.</li><li>Totalmente livre de substâncias tóxicas, garantindo segurança para você e sua família.</li><li>Extremamente resistente e durável — quando bem cuidada, pode durar centenas de anos.</li></ul><p><strong>Especificações:</strong> 4L · Gás · Fogão a Lenha · Forno</p><p><strong>Garantia:</strong> 3 meses contra defeitos de fabricação.</p><p><em>Por ser uma peça totalmente artesanal, pequenas variações de dimensões, textura e coloração são normais e tornam sua peça única.</em></p>","Stoneflame","pressure-cookers","pressure-cookers, Novo, pedra-sabao, artesanal","TRUE","Title","Default Title","SOAPSTONE_PRESSURE_COOKER_4L","shopify","10","deny","manual","1145.00","TRUE","TRUE","https://raw.githubusercontent.com/igormart21/stoneflame/main/public/products/pressure-cooker-4l/c3880ee0-df6f-4be7-9285-dd92546b3c9e.png","1","Panela de Pressão de Pedra-Sabão - 4 Litros","FALSE","Panela de Pressão de Pedra-Sabão - 4 Litros","Cozimento sob pressão seguro, redefinido na pedra","active"
"soapstone-pressure-cooker-4l","","","","","","","","","","","","","","","","","https://raw.githubusercontent.com/igormart21/stoneflame/main/public/products/pressure-cooker-4l/afb242e7-6ddb-41e2-b71f-3a682cfa704f.png","2","Panela de Pressão de Pedra-Sabão - 4 Litros","","","",""
"dutch-soapstone-pot-2in1","Panela Holandesa de Pedra-Sabão 2 em 1","<p>A panela holandesa de pedra-sabão 2 em 1 é uma peça culinária versátil e charmosa, projetada para oferecer funcionalidade e beleza à sua experiência de cozinha. Feita de pedra-sabão, um material que retém e distribui o calor de maneira uniforme, esta panela proporciona um cozimento eficiente e preciso. O design 2 em 1 combina duas funções distintas em uma única peça. Na base, você encontra uma panela funda, ideal para preparar ensopados, sopas, molhos e diversos pratos que exigem cozimento lento e uniforme. A tampa de pedra-sabão serve como uma frigideira plana adicional. Esse recurso extra amplia as opções culinárias, permitindo grelhar, dourar ou fritar alimentos com eficiência. A tampa se integra perfeitamente ao conjunto, oferecendo versatilidade sem comprometer o visual elegante e rústico da peça.</p><h3>O que está incluso</h3><ul><li>1 x Panela Holandesa Funda de Pedra-Sabão (Altura: 10 cm, diâmetro: 23 cm, capacidade: 3 litros)</li><li>1 x Tampa de Pedra-Sabão que funciona como frigideira plana (Altura: 4 cm, diâmetro: 23 cm)</li><li>1 x Kit Inicial Culinário Grátis (Óleo de Cura e Ervas Artesanais)</li></ul><h3>Por que pedra-sabão</h3><ul><li>Design 2 em 1: uma panela funda para ensopados, sopas e molhos, mais uma tampa que vira frigideira plana.</li><li>A pedra-sabão retém e distribui o calor de maneira uniforme para um cozimento eficiente e preciso.</li><li>A tampa plana permite grelhar, dourar ou fritar — ampliando suas opções culinárias.</li><li>Retém e libera o calor gradualmente, mantendo os alimentos quentes muito tempo após o cozimento.</li><li>Extremamente resistente e durável — quando bem cuidada, pode durar centenas de anos.</li></ul><p><strong>Especificações:</strong> 3L · Gás · Fogão a Lenha · Forno</p><p><strong>Garantia:</strong> 3 meses contra defeitos de fabricação.</p><p><em>Por ser uma peça totalmente artesanal, pequenas variações de dimensões, textura e coloração são normais e tornam sua peça única.</em></p>","Stoneflame","pots","pots, Versátil, pedra-sabao, artesanal","TRUE","Title","Default Title","DUTCH_SOAPSTONE_POT_2IN1","shopify","10","deny","manual","1495.00","TRUE","TRUE","https://raw.githubusercontent.com/igormart21/stoneflame/main/public/products/dutch-pot-2in1/main.png","1","Panela Holandesa de Pedra-Sabão 2 em 1","FALSE","Panela Holandesa de Pedra-Sabão 2 em 1","Uma panela funda e uma chapa plana em uma só peça","active"
"dutch-soapstone-pot-2in1","","","","","","","","","","","","","","","","","https://raw.githubusercontent.com/igormart21/stoneflame/main/public/products/dutch-pot-2in1/lifestyle.png","2","Panela Holandesa de Pedra-Sabão 2 em 1","","","",""
"dutch-soapstone-pot-2in1","","","","","","","","","","","","","","","","","https://raw.githubusercontent.com/igormart21/stoneflame/main/public/products/dutch-pot-2in1/stacked.png","3","Panela Holandesa de Pedra-Sabão 2 em 1","","","",""
"dutch-soapstone-pot-2in1","","","","","","","","","","","","","","","","","https://raw.githubusercontent.com/igormart21/stoneflame/main/public/products/dutch-pot-2in1/open-lid.png","4","Panela Holandesa de Pedra-Sabão 2 em 1","","","",""
"soapstone-pot-5l","Panela de Pedra-Sabão 5 Litros","<p>Das raízes de Minas Gerais, no Brasil, um ofício passado de geração em geração. As panelas de pedra-sabão têm a capacidade de reter e liberar o calor gradualmente, mantendo os alimentos quentes por aproximadamente 1 a 2 horas após o cozimento. Além disso, é uma opção muito mais saudável. Estudos recentes indicam a transferência natural de minerais benéficos — como ferro (Fe), zinco (Zn), cálcio (Ca) e magnésio (Mg) — da panela para a comida, e também é livre de substâncias tóxicas. A pedra-sabão é um material extremamente forte e durável. Quando bem cuidada, uma panela pode durar gerações, mantendo sua funcionalidade por centenas de anos.</p><h3>O que está incluso</h3><ul><li>1 x Panela de Pedra-Sabão de 5 Litros</li><li>1 x Tampa de Pedra-Sabão Combinando, com Detalhes em Cobre</li><li>1 x Kit Inicial Culinário Grátis (Óleo de Cura e Ervas Artesanais)</li></ul><h3>Por que pedra-sabão</h3><ul><li>Retém e libera o calor gradualmente, mantendo os alimentos quentes por 1 a 2 horas após o cozimento.</li><li>Refeições mais saudáveis! Transfere naturalmente minerais benéficos (Ferro, Zinco, Cálcio, Magnésio) para a comida.</li><li>Livre de substâncias tóxicas, garantindo segurança para você e sua família.</li><li>Feita à mão em Minas Gerais, com uma tradição passada de geração em geração.</li><li>Extremamente forte e durável — quando bem cuidada, pode durar gerações.</li></ul><p><strong>Especificações:</strong> 5L · Gás · Fogão a Lenha · Forno</p><p><strong>Garantia:</strong> 3 meses contra defeitos de fabricação.</p><p><em>Por ser uma peça totalmente artesanal, pequenas variações de dimensões, textura e coloração são normais e tornam sua peça única.</em></p>","Stoneflame","pots","pots, Artesanal, pedra-sabao, artesanal","TRUE","Title","Default Title","SOAPSTONE_POT_5L","shopify","10","deny","manual","2445.00","TRUE","TRUE","https://raw.githubusercontent.com/igormart21/stoneflame/main/public/products/soapstone-pot-5l/main.png","1","Panela de Pedra-Sabão 5 Litros","FALSE","Panela de Pedra-Sabão 5 Litros","Gerações de ofício de Minas Gerais","active"
"soapstone-pot-5l","","","","","","","","","","","","","","","","","https://raw.githubusercontent.com/igormart21/stoneflame/main/public/products/soapstone-pot-5l/open-lid.png","2","Panela de Pedra-Sabão 5 Litros","","","",""
"soapstone-pot-4l","Panela de Pedra-Sabão 4 Litros","<p>Das raízes de Minas Gerais, no Brasil, um ofício passado de geração em geração. As panelas de pedra-sabão têm a capacidade de reter e liberar o calor gradualmente, mantendo os alimentos quentes por aproximadamente 1 a 2 horas após o cozimento. Além disso, é uma opção muito mais saudável. Estudos recentes indicam a transferência natural de minerais benéficos — como ferro (Fe), zinco (Zn), cálcio (Ca) e magnésio (Mg) — da panela para a comida, e também é livre de substâncias tóxicas. A pedra-sabão é um material extremamente forte e durável. Quando bem cuidada, uma panela pode durar gerações, mantendo sua funcionalidade por centenas de anos.</p><h3>O que está incluso</h3><ul><li>1 x Panela de Pedra-Sabão de 4 Litros</li><li>1 x Tampa de Pedra-Sabão Combinando, com Detalhes em Cobre</li><li>1 x Kit Inicial Culinário Grátis (Óleo de Cura e Ervas Artesanais)</li></ul><h3>Por que pedra-sabão</h3><ul><li>Retém e libera o calor gradualmente, mantendo os alimentos quentes por 1 a 2 horas após o cozimento.</li><li>Refeições mais saudáveis! Transfere naturalmente minerais benéficos (Ferro, Zinco, Cálcio, Magnésio) para a comida.</li><li>Livre de substâncias tóxicas, garantindo segurança para você e sua família.</li><li>Feita à mão em Minas Gerais, com uma tradição passada de geração em geração.</li><li>Extremamente forte e durável — quando bem cuidada, pode durar gerações.</li></ul><p><strong>Especificações:</strong> 4L · Gás · Fogão a Lenha · Forno</p><p><strong>Garantia:</strong> 3 meses contra defeitos de fabricação.</p><p><em>Por ser uma peça totalmente artesanal, pequenas variações de dimensões, textura e coloração são normais e tornam sua peça única.</em></p>","Stoneflame","pots","pots, Artesanal, pedra-sabao, artesanal","TRUE","Title","Default Title","SOAPSTONE_POT_4L","shopify","10","deny","manual","1995.00","TRUE","TRUE","https://raw.githubusercontent.com/igormart21/stoneflame/main/public/products/soapstone-pot-4l/main.png","1","Panela de Pedra-Sabão 4 Litros","FALSE","Panela de Pedra-Sabão 4 Litros","Gerações de ofício de Minas Gerais","active"
"soapstone-pot-4l","","","","","","","","","","","","","","","","","https://raw.githubusercontent.com/igormart21/stoneflame/main/public/products/soapstone-pot-4l/open-lid.png","2","Panela de Pedra-Sabão 4 Litros","","","",""
"soapstone-pot-3l","Panela de Pedra-Sabão 3 Litros","<p>Das raízes de Minas Gerais, no Brasil, um ofício passado de geração em geração. As panelas de pedra-sabão têm a capacidade de reter e liberar o calor gradualmente, mantendo os alimentos quentes por aproximadamente 1 a 2 horas após o cozimento. Além disso, é uma opção muito mais saudável. Estudos recentes indicam a transferência natural de minerais benéficos — como ferro (Fe), zinco (Zn), cálcio (Ca) e magnésio (Mg) — da panela para a comida, e também é livre de substâncias tóxicas. A pedra-sabão é um material extremamente forte e durável. Quando bem cuidada, uma panela pode durar gerações, mantendo sua funcionalidade por centenas de anos.</p><h3>O que está incluso</h3><ul><li>1 x Panela de Pedra-Sabão de 3 Litros</li><li>1 x Tampa de Pedra-Sabão Combinando, com Detalhes em Cobre</li><li>1 x Kit Inicial Culinário Grátis (Óleo de Cura e Ervas Artesanais)</li></ul><h3>Por que pedra-sabão</h3><ul><li>Retém e libera o calor gradualmente, mantendo os alimentos quentes por 1 a 2 horas após o cozimento.</li><li>Refeições mais saudáveis! Transfere naturalmente minerais benéficos (Ferro, Zinco, Cálcio, Magnésio) para a comida.</li><li>Livre de substâncias tóxicas, garantindo segurança para você e sua família.</li><li>Feita à mão em Minas Gerais, com uma tradição passada de geração em geração.</li><li>Extremamente forte e durável — quando bem cuidada, pode durar gerações.</li></ul><p><strong>Especificações:</strong> 3L · Gás · Fogão a Lenha · Forno</p><p><strong>Garantia:</strong> 3 meses contra defeitos de fabricação.</p><p><em>Por ser uma peça totalmente artesanal, pequenas variações de dimensões, textura e coloração são normais e tornam sua peça única.</em></p>","Stoneflame","pots","pots, Artesanal, pedra-sabao, artesanal","TRUE","Title","Default Title","SOAPSTONE_POT_3L","shopify","10","deny","manual","1195.00","TRUE","TRUE","https://raw.githubusercontent.com/igormart21/stoneflame/main/public/products/soapstone-pot-3l/main.png","1","Panela de Pedra-Sabão 3 Litros","FALSE","Panela de Pedra-Sabão 3 Litros","Gerações de ofício de Minas Gerais","active"
"soapstone-pot-3l","","","","","","","","","","","","","","","","","https://raw.githubusercontent.com/igormart21/stoneflame/main/public/products/soapstone-pot-3l/open-lid.png","2","Panela de Pedra-Sabão 3 Litros","","","",""
"set-5-soapstone-pots","Conjunto de 5 Panelas de Pedra-Sabão 0,8L | 1L | 1,5L | 2L + Brinde","<p>Este conjunto de panelas de pedra-sabão é perfeito para aproveitar as refeições com estilo entre amigos ou em família! Ideal para servir até 4 pessoas. Feito à mão com pedra-sabão genuína, este conjunto completo cobre o cozimento do dia a dia — de pequenos caldeirões a uma frigideira versátil — trazendo o sabor autêntico e o calor da cozinha na pedra para a sua mesa.</p><h3>O que está incluso</h3><ul><li>1 x Caldeirão de 0,8 litro (11 cm de altura x 13 cm de diâmetro)</li><li>1 x Frigideira com tampa, aproximadamente 1 litro (6 cm de altura x 20 cm de diâmetro)</li><li>1 x Panela de 1 litro (9,5 cm de altura x 15,5 cm de diâmetro)</li><li>1 x Panela de 1,5 litro (9,5 cm de altura x 18 cm de diâmetro)</li><li>1 x Panela de 2 litros (9,5 cm de altura x 23 cm de diâmetro)</li><li>1 x Brinde Grátis (selecionado conforme disponibilidade de estoque)</li></ul><h3>Por que pedra-sabão</h3><ul><li>Tem a capacidade de liberar gradualmente o calor contido na pedra, mantendo os alimentos quentes por cerca de 1 a 2 horas após o cozimento.</li><li>Muito mais saudável! Estudos recentes indicam a transferência de nutrientes benéficos (Fe, Zn, Ca, Mg) da panela para a comida.</li><li>A pedra-sabão é um material extremamente durável; se bem cuidada, durará centenas de anos.</li><li>As panelas são naturalmente antiaderentes, facilitando muito a limpeza e o cozimento.</li><li>Pode ser usada em fogão a gás, fogão a lenha e também no forno!</li></ul><p><strong>Especificações:</strong> 0,8L + 1L + 1L + 1,5L + 2L · Gás · Fogão a Lenha · Forno</p><p><strong>Garantia:</strong> 3 meses contra defeitos de fabricação.</p><p><em>As panelas de pedra são feitas em um processo totalmente artesanal, por isso pode haver pequenas variações nas dimensões das peças.</em></p>","Stoneflame","sets","sets, Conjunto Especial, pedra-sabao, artesanal","TRUE","Title","Default Title","SET_5_SOAPSTONE_POTS","shopify","10","deny","manual","2950.00","TRUE","TRUE","https://raw.githubusercontent.com/igormart21/stoneflame/main/public/products/set-5-pots/main.png","1","Conjunto de 5 Panelas de Pedra-Sabão 0,8L | 1L | 1,5L | 2L + Brinde","FALSE","Conjunto de 5 Panelas de Pedra-Sabão 0,8L | 1L | 1,5L | 2L + Brinde","Um conjunto completo de pedra-sabão para toda a família","active"
"set-5-soapstone-pots","","","","","","","","","","","","","","","","","https://raw.githubusercontent.com/igormart21/stoneflame/main/public/products/set-5-pots/set-spread.png","2","Conjunto de 5 Panelas de Pedra-Sabão 0,8L | 1L | 1,5L | 2L + Brinde","","","",""
"dream-kitchen-cookware-set","Conjunto de Panelas de Pedra-Sabão – Cozinha dos Sonhos","<p>Este é um conjunto versátil que atenderá às diversas necessidades de uma cozinha. Feito à mão com pedra-sabão genuína, o conjunto Cozinha dos Sonhos reúne tudo o que você precisa para cozinhar como um artesão — de frigideira e panelas a uma panela de pressão de pedra, uma travessa de lasanha, um pilão e uma cuscuzeira 3 em 1. Uma coleção completa que transforma cada refeição em uma autêntica experiência de cozinha na pedra.</p><h3>O que está incluso</h3><ul><li>1 x Frigideira de 23 cm (5 cm de altura x 23 cm de diâmetro)</li><li>1 x Panela de 2 litros (9,5 cm de altura x 22 cm de diâmetro)</li><li>1 x Panela de pressão de 3 litros (14,5 cm de altura x 19 cm de diâmetro)</li><li>1 x Travessa de lasanha de tamanho médio</li><li>1 x Pilão com faixa de cobre</li><li>1 x Cuscuzeira/panela 3 em 1 – 4 litros (2 litros em cada seção)</li><li>1 x Manual de cura</li></ul><h3>Por que pedra-sabão</h3><ul><li>Tem a capacidade de liberar gradualmente o calor contido na pedra, mantendo os alimentos quentes por cerca de 1 a 2 horas após o cozimento.</li><li>Muito mais saudável! Estudos recentes indicam a transferência de nutrientes benéficos (Fe, Zn, Ca, Mg) da panela para a comida.</li><li>A pedra-sabão é um material extremamente durável; se bem cuidada, durará centenas de anos.</li><li>As panelas são naturalmente antiaderentes, facilitando muito a limpeza e o cozimento.</li><li>Pode ser usada em fogão a gás, fogão a lenha e também no forno!</li></ul><p><strong>Especificações:</strong> Frigideira + Panela 2L + Panela de Pressão 3L + Travessa de Lasanha + Pilão + Cuscuzeira 4L</p><p><strong>Garantia:</strong> 3 meses contra defeitos de fabricação.</p><p><em>As peças de pedra-sabão são enviadas novas em seu estado natural (cinza) e precisam passar por um processo de cura antes do primeiro uso — após a cura, sua peça ficará permanentemente preta (um manual de cura passo a passo está incluído). Como cada peça é totalmente artesanal e medida em litros, pequenas variações nas dimensões são normais.</em></p>","Stoneflame","sets","sets, Conjunto Completo, pedra-sabao, artesanal","TRUE","Title","Default Title","DREAM_KITCHEN_COOKWARE_SET","shopify","10","deny","manual","4995.00","TRUE","TRUE","https://raw.githubusercontent.com/igormart21/stoneflame/main/public/products/dream-kitchen-set/full-set.png","1","Conjunto de Panelas de Pedra-Sabão – Cozinha dos Sonhos","FALSE","Conjunto de Panelas de Pedra-Sabão – Cozinha dos Sonhos","Tudo o que sua cozinha precisa, em pura pedra-sabão","active"
"dream-kitchen-cookware-set","","","","","","","","","","","","","","","","","https://raw.githubusercontent.com/igormart21/stoneflame/main/public/products/dream-kitchen-set/pot.png","2","Conjunto de Panelas de Pedra-Sabão – Cozinha dos Sonhos","","","",""
"dream-kitchen-cookware-set","","","","","","","","","","","","","","","","","https://raw.githubusercontent.com/igormart21/stoneflame/main/public/products/dream-kitchen-set/couscous-steamer.png","3","Conjunto de Panelas de Pedra-Sabão – Cozinha dos Sonhos","","","",""
"dream-kitchen-cookware-set","","","","","","","","","","","","","","","","","https://raw.githubusercontent.com/igormart21/stoneflame/main/public/products/dream-kitchen-set/frying-pan.png","4","Conjunto de Panelas de Pedra-Sabão – Cozinha dos Sonhos","","","",""
"dream-kitchen-cookware-set","","","","","","","","","","","","","","","","","https://raw.githubusercontent.com/igormart21/stoneflame/main/public/products/dream-kitchen-set/lasagna-dish.png","5","Conjunto de Panelas de Pedra-Sabão – Cozinha dos Sonhos","","","",""
"dream-kitchen-cookware-set","","","","","","","","","","","","","","","","","https://raw.githubusercontent.com/igormart21/stoneflame/main/public/products/dream-kitchen-set/pot-open.png","6","Conjunto de Panelas de Pedra-Sabão – Cozinha dos Sonhos","","","",""
"set-3-soapstone-pots-large","Conjunto de 3 Panelas de Pedra-Sabão (Grandes)","<p>Este conjunto é ideal para quem gosta de cozinhar maiores quantidades de comida! Feito à mão com pedra-sabão genuína, estas três panelas de tamanho generoso são perfeitas para ensopados de cozimento lento, refeições em família e encontros — trazendo o sabor autêntico e o calor da cozinha na pedra para a sua mesa.</p><h3>O que está incluso</h3><ul><li>1 x Panela de pedra-sabão de 2 litros</li><li>1 x Panela de pedra-sabão de 3 litros</li><li>1 x Panela de pedra-sabão de 4 litros</li></ul><h3>Por que pedra-sabão</h3><ul><li>Tem a capacidade de liberar gradualmente o calor contido na pedra, mantendo os alimentos quentes por cerca de 1 a 2 horas após o cozimento.</li><li>Muito mais saudável! Estudos recentes indicam a transferência de nutrientes benéficos (Fe, Zn, Ca, Mg) da panela para a comida.</li><li>A pedra-sabão é um material extremamente durável; se bem cuidada, durará centenas de anos.</li><li>As panelas são naturalmente antiaderentes, facilitando muito a limpeza e o cozimento.</li><li>Pode ser usada em fogão a gás, fogão a lenha e também no forno!</li></ul><p><strong>Especificações:</strong> 2L + 3L + 4L · Gás · Fogão a Lenha · Forno</p><p><strong>Garantia:</strong> 3 meses contra defeitos de fabricação.</p><p><em>As panelas de pedra são feitas em um processo totalmente artesanal, por isso pode haver pequenas variações nas dimensões das peças.</em></p>","Stoneflame","sets","sets, Conjunto Especial, pedra-sabao, artesanal","TRUE","Title","Default Title","SET_3_SOAPSTONE_POTS_LARGE","shopify","10","deny","manual","2995.00","TRUE","TRUE","https://raw.githubusercontent.com/igormart21/stoneflame/main/public/products/set-3-pots-large/main.png","1","Conjunto de 3 Panelas de Pedra-Sabão (Grandes)","FALSE","Conjunto de 3 Panelas de Pedra-Sabão (Grandes)","Para quem gosta de cozinhar em maior quantidade","active"
"set-4-pots-1-grill","Conjunto de 4 Panelas de Pedra e 1 Grelha 1L | 1,5L | 2L | 3L + Brinde","<p>Um conjunto de 5 peças, incluindo 3 panelas, 1 frigideira e uma grelha. Este é um conjunto versátil que atenderá às diversas necessidades de uma cozinha. Feito à mão com pedra-sabão genuína, traz o sabor autêntico e o calor da cozinha na pedra para tudo, das refeições do dia a dia aos grelhados.</p><h3>O que está incluso</h3><ul><li>1 x Frigideira de 1 litro (Altura: 5 cm x diâmetro: 18 cm)</li><li>1 x Panela de 1,5 litro (Altura: 9,5 cm x diâmetro: 18 cm)</li><li>1 x Panela de 2 litros (Altura: 9,5 cm, diâmetro: 23 cm)</li><li>1 x Panela de 3 litros (Altura: 10 cm, diâmetro: 22 cm)</li><li>1 x Grelha (27 cm)</li><li>1 x Manual de cura</li><li>1 x Brinde Grátis (selecionado conforme disponibilidade de estoque)</li></ul><h3>Por que pedra-sabão</h3><ul><li>Tem a capacidade de liberar gradualmente o calor contido na pedra, mantendo os alimentos quentes por cerca de 1 a 2 horas após o cozimento.</li><li>Muito mais saudável! Estudos recentes indicam a transferência de nutrientes benéficos (Fe, Zn, Ca, Mg) da panela para a comida.</li><li>A pedra-sabão é um material extremamente durável; se bem cuidada, durará centenas de anos.</li><li>As panelas são naturalmente antiaderentes, facilitando muito a limpeza e o cozimento.</li><li>Pode ser usada em fogão a gás, fogão a lenha e também no forno!</li></ul><p><strong>Especificações:</strong> 1L + 1,5L + 2L + 3L + Grelha · Gás · Fogão a Lenha · Forno</p><p><strong>Garantia:</strong> 3 meses contra defeitos de fabricação.</p><p><em>As panelas de pedra são feitas em um processo totalmente artesanal, por isso pode haver pequenas variações nas dimensões das peças.</em></p>","Stoneflame","sets","sets, Conjunto Especial, pedra-sabao, artesanal","TRUE","Title","Default Title","SET_4_POTS_1_GRILL","shopify","10","deny","manual","3845.00","TRUE","TRUE","https://raw.githubusercontent.com/igormart21/stoneflame/main/public/products/set-4-pots-grill/main.png","1","Conjunto de 4 Panelas de Pedra e 1 Grelha 1L | 1,5L | 2L | 3L + Brinde","FALSE","Conjunto de 4 Panelas de Pedra e 1 Grelha 1L | 1,5L | 2L | 3L + Brinde","Um conjunto versátil de 5 peças para toda a cozinha","active"
"set-4-pots-1-grill","","","","","","","","","","","","","","","","","https://raw.githubusercontent.com/igormart21/stoneflame/main/public/products/set-4-pots-grill/lifestyle.png","2","Conjunto de 4 Panelas de Pedra e 1 Grelha 1L | 1,5L | 2L | 3L + Brinde","","","",""
"set-4-pots-1-grill","","","","","","","","","","","","","","","","","https://raw.githubusercontent.com/igormart21/stoneflame/main/public/products/set-4-pots-grill/pot.png","3","Conjunto de 4 Panelas de Pedra e 1 Grelha 1L | 1,5L | 2L | 3L + Brinde","","","",""
"set-4-pots-1-grill","","","","","","","","","","","","","","","","","https://raw.githubusercontent.com/igormart21/stoneflame/main/public/products/set-4-pots-grill/grill.png","4","Conjunto de 4 Panelas de Pedra e 1 Grelha 1L | 1,5L | 2L | 3L + Brinde","","","",""
"set-3-pots-pressure-cooker-5l","Conjunto de 3 Panelas de Pedra + Panela de Pressão - 5 litros","<p>As panelas de pedra-sabão combinam perfeitamente tradição, funcionalidade e elegância. Com elas, você pode preparar e servir refeições incrivelmente saborosas enquanto aproveita os benefícios dos minerais naturais da pedra, como ferro, cálcio e manganês, que contribuem para a sua saúde. Além do design sofisticado e artesanal, essas panelas mantêm os alimentos quentes por muito mais tempo, pois a pedra retém o calor mesmo após sair da fonte de calor. Nosso exclusivo modelo de panela de pressão de pedra-sabão se destaca no mercado pela inovação e segurança incomparável. Sem grampos ou travas de metal, elimina o risco de explosão, garantindo mais tranquilidade no seu dia a dia. A pressão é gerada pelo peso da tampa e seu encaixe preciso na borda da panela, permitindo que o calor circule internamente antes de ser liberado pela válvula de vapor. Cada peça é única, feita à mão, garantindo exclusividade e um toque especial na sua cozinha. Além disso, ao comprar nossas panelas, você apoia o trabalho de artesãos que preservam essa tradição centenária.</p><h3>O que está incluso</h3><ul><li>1 x Panela de Pressão de 5 litros (Diâmetro: 23 cm, Altura: 15 cm, ~5,0 kg)</li><li>1 x Panela de 3 litros (Diâmetro: 22 cm, Altura: 10 cm, ~4,0 kg)</li><li>1 x Panela de 2 litros (Diâmetro: 17 cm, Altura: 9 cm, ~3,2 kg)</li><li>1 x Panela de 1,5 litro (Diâmetro: 14 cm, Altura: 8 cm, ~2,0 kg)</li></ul><h3>Por que pedra-sabão</h3><ul><li>Aquecimento uniforme e eficiente em toda a peça.</li><li>Mantém os alimentos quentes por mais tempo, pois a pedra retém o calor após sair da fonte de calor.</li><li>Compatível com fogão a gás, elétrico, carvão e lenha (exceto indução).</li><li>Design artesanal que valoriza sua cozinha, com minerais naturais (ferro, cálcio, manganês) transferidos para a comida.</li><li>Durabilidade e resistência — cada peça artesanal é única e feita para durar.</li></ul><p><strong>Especificações:</strong> Panela de Pressão 5L + 3L + 2L + 1,5L · Gás · Elétrico · Carvão · Fogão a Lenha</p><p><strong>Garantia:</strong> 3 meses contra defeitos de fabricação.</p><p><em>Por ser um produto 100% artesanal, podem ocorrer pequenas variações de medidas, capacidade e design, tornando cada peça única. Iniciamos o processo de cura antes do envio, e você precisará concluí-lo seguindo nossas instruções.</em></p>","Stoneflame","sets","sets, Conjunto Especial, pedra-sabao, artesanal","TRUE","Title","Default Title","SET_3_POTS_PRESSURE_COOKER_5L","shopify","10","deny","manual","3995.00","TRUE","TRUE","https://raw.githubusercontent.com/igormart21/stoneflame/main/public/products/set-3-pots-pressure-5l/main.png","1","Conjunto de 3 Panelas de Pedra + Panela de Pressão - 5 litros","FALSE","Conjunto de 3 Panelas de Pedra + Panela de Pressão - 5 litros","Tradição, função e elegância em um só conjunto","active"
"set-3-pots-pressure-cooker-5l","","","","","","","","","","","","","","","","","https://raw.githubusercontent.com/igormart21/stoneflame/main/public/products/set-3-pots-pressure-5l/pressure-cooker.png","2","Conjunto de 3 Panelas de Pedra + Panela de Pressão - 5 litros","","","",""
"set-3-pots-pressure-cooker-5l","","","","","","","","","","","","","","","","","https://raw.githubusercontent.com/igormart21/stoneflame/main/public/products/set-3-pots-pressure-5l/pot.png","3","Conjunto de 3 Panelas de Pedra + Panela de Pressão - 5 litros","","","",""
"set-3-pots-pressure-cooker-5l","","","","","","","","","","","","","","","","","https://raw.githubusercontent.com/igormart21/stoneflame/main/public/products/set-3-pots-pressure-5l/pot-rice.png","4","Conjunto de 3 Panelas de Pedra + Panela de Pressão - 5 litros","","","",""
"complete-set-5-pieces-mortar","Conjunto Completo de Panelas de Pedra – 5 Peças + Pilão","<p>Este é um conjunto versátil que atenderá às diversas necessidades de uma cozinha. Feita à mão com pedra-sabão genuína, esta coleção completa cobre o cozimento do dia a dia — de frigideira e panelas a uma panela de pressão de pedra e uma grelha — e vem com um pilão de pedra-sabão como brinde. Uma cozinha completa em pura pedra, trazendo o sabor autêntico e o calor da cozinha na pedra para a sua mesa.</p><h3>O que está incluso</h3><ul><li>1 x Frigideira de 1 litro (18 cm de diâmetro)</li><li>1 x Panela de 1,5 litro</li><li>1 x Panela de 2 litros</li><li>1 x Panela de pressão de 3 litros</li><li>1 x Grelha (23 cm de diâmetro)</li><li>1 x Pilão de pedra-sabão (brinde)</li></ul><h3>Por que pedra-sabão</h3><ul><li>Tem a capacidade de liberar gradualmente o calor contido na pedra, mantendo os alimentos quentes por cerca de 1 a 2 horas após o cozimento.</li><li>Muito mais saudável! Estudos recentes indicam a transferência de nutrientes benéficos (Fe, Zn, Ca, Mg) da panela para a comida.</li><li>A pedra-sabão é um material extremamente durável; se bem cuidada, durará centenas de anos.</li><li>As panelas são naturalmente antiaderentes, facilitando muito a limpeza e o cozimento.</li><li>Pode ser usada em fogão a gás, fogão a lenha e também no forno!</li></ul><p><strong>Especificações:</strong> Frigideira 1L + 1,5L + 2L + Panela de Pressão 3L + Grelha · Gás · Fogão a Lenha · Forno</p><p><strong>Garantia:</strong> 3 meses contra defeitos de fabricação.</p><p><em>As panelas de pedra são feitas em um processo totalmente artesanal, por isso pode haver pequenas variações nas dimensões das peças.</em></p>","Stoneflame","sets","sets, Conjunto Completo, pedra-sabao, artesanal","TRUE","Title","Default Title","COMPLETE_SET_5_PIECES_MORTAR","shopify","10","deny","manual","3995.00","TRUE","TRUE","https://raw.githubusercontent.com/igormart21/stoneflame/main/public/products/complete-set-mortar/main.png","1","Conjunto Completo de Panelas de Pedra – 5 Peças + Pilão","FALSE","Conjunto Completo de Panelas de Pedra – 5 Peças + Pilão","Tudo o que sua cozinha precisa, mais um pilão de brinde","active"
"complete-set-5-pieces-mortar","","","","","","","","","","","","","","","","","https://raw.githubusercontent.com/igormart21/stoneflame/main/public/products/complete-set-mortar/lifestyle.png","2","Conjunto Completo de Panelas de Pedra – 5 Peças + Pilão","","","",""
"complete-set-5-pieces-mortar","","","","","","","","","","","","","","","","","https://raw.githubusercontent.com/igormart21/stoneflame/main/public/products/complete-set-mortar/pressure-cooker.png","3","Conjunto Completo de Panelas de Pedra – 5 Peças + Pilão","","","",""
"complete-set-5-pieces-mortar","","","","","","","","","","","","","","","","","https://raw.githubusercontent.com/igormart21/stoneflame/main/public/products/complete-set-mortar/grill.png","4","Conjunto Completo de Panelas de Pedra – 5 Peças + Pilão","","","",""
"complete-set-5-pieces-mortar","","","","","","","","","","","","","","","","","https://raw.githubusercontent.com/igormart21/stoneflame/main/public/products/complete-set-mortar/mortar-pestle.png","5","Conjunto Completo de Panelas de Pedra – 5 Peças + Pilão","","","",""
"complete-set-5-pieces-mortar","","","","","","","","","","","","","","","","","https://raw.githubusercontent.com/igormart21/stoneflame/main/public/products/complete-set-mortar/pot-1.png","6","Conjunto Completo de Panelas de Pedra – 5 Peças + Pilão","","","",""
"complete-set-5-pieces-mortar","","","","","","","","","","","","","","","","","https://raw.githubusercontent.com/igormart21/stoneflame/main/public/products/complete-set-mortar/pot-2.png","7","Conjunto Completo de Panelas de Pedra – 5 Peças + Pilão","","","",""
"versatile-kitchen-cookware-set","Conjunto de Panelas de Pedra – Cozinha Versátil","<p>Este é um conjunto versátil que atenderá às diversas necessidades de uma cozinha. Feito à mão com pedra-sabão genuína, este conjunto reúne uma frigideira, uma panela, uma panela de pressão de pedra e um pilão de pedra-sabão — tudo o que você precisa para cozinhar como um artesão e trazer o sabor autêntico e o calor da cozinha na pedra para a sua mesa.</p><h3>O que está incluso</h3><ul><li>1 x Frigideira de 23 cm (3,2 cm de altura x 23 cm de diâmetro)</li><li>1 x Panela de 2 litros (9,5 cm de altura x 22 cm de diâmetro)</li><li>1 x Panela de pressão de 3 litros (14,5 cm de altura x 19 cm de diâmetro)</li><li>1 x Pilão de pedra-sabão com faixa de cobre</li><li>1 x Manual de cura</li></ul><h3>Por que pedra-sabão</h3><ul><li>Tem a capacidade de liberar gradualmente o calor contido na pedra, mantendo os alimentos quentes por cerca de 1 a 2 horas após o cozimento.</li><li>Muito mais saudável! Estudos recentes indicam a transferência de nutrientes benéficos (Fe, Zn, Ca, Mg) da panela para a comida.</li><li>A pedra-sabão é um material extremamente durável; se bem cuidada, durará centenas de anos.</li><li>As panelas são naturalmente antiaderentes, facilitando muito a limpeza e o cozimento.</li><li>Pode ser usada em fogão a gás, fogão a lenha e também no forno!</li></ul><p><strong>Especificações:</strong> Frigideira 23cm + Panela 2L + Panela de Pressão 3L + Pilão · Gás · Fogão a Lenha · Forno</p><p><strong>Garantia:</strong> 3 meses contra defeitos de fabricação.</p><p><em>As panelas de pedra são feitas em um processo totalmente artesanal, por isso são medidas em litros, o que pode resultar em pequenas variações nas dimensões.</em></p>","Stoneflame","sets","sets, Conjunto Completo, pedra-sabao, artesanal","TRUE","Title","Default Title","VERSATILE_KITCHEN_COOKWARE_SET","shopify","10","deny","manual","3195.00","TRUE","TRUE","https://raw.githubusercontent.com/igormart21/stoneflame/main/public/products/versatile-kitchen-set/bef0be49-6830-4fdb-9e27-9a3015b0819e.png","1","Conjunto de Panelas de Pedra – Cozinha Versátil","FALSE","Conjunto de Panelas de Pedra – Cozinha Versátil","Um conjunto versátil para todas as necessidades da cozinha","active"
"versatile-kitchen-cookware-set","","","","","","","","","","","","","","","","","https://raw.githubusercontent.com/igormart21/stoneflame/main/public/products/versatile-kitchen-set/bf976d75-b773-4636-9f8e-970b2daec199.png","2","Conjunto de Panelas de Pedra – Cozinha Versátil","","","",""
"versatile-kitchen-cookware-set","","","","","","","","","","","","","","","","","https://raw.githubusercontent.com/igormart21/stoneflame/main/public/products/versatile-kitchen-set/545277a0-8d9a-41ba-b7b1-d38fdba8b0c8.png","3","Conjunto de Panelas de Pedra – Cozinha Versátil","","","",""
"versatile-kitchen-cookware-set","","","","","","","","","","","","","","","","","https://raw.githubusercontent.com/igormart21/stoneflame/main/public/products/versatile-kitchen-set/99dbb07c-f578-4195-abf0-b7d10d86c917.png","4","Conjunto de Panelas de Pedra – Cozinha Versátil","","","",""
"versatile-kitchen-cookware-set","","","","","","","","","","","","","","","","","https://raw.githubusercontent.com/igormart21/stoneflame/main/public/products/versatile-kitchen-set/87b5fb5f-8e0e-40b2-aee6-ec80a64acd1a.png","5","Conjunto de Panelas de Pedra – Cozinha Versátil","","","",""
"osmenino-stone-cookware-set","Conjunto de Panelas de Pedra Osmenino","<p>Um conjunto completo de panelas de pedra-sabão que combina tradição, funcionalidade e elegância. Feito à mão com pedra-sabão genuína, reúne uma panela de pressão de pedra, três panelas e uma frigideira — tudo o que você precisa para cozinhar como um artesão. Cada peça é única, feita à mão, garantindo exclusividade e um toque especial na sua cozinha. Além disso, ao comprar nossas panelas, você apoia o trabalho de artesãos que preservam essa tradição centenária.</p><h3>O que está incluso</h3><ul><li>1 x Panela de Pressão de 3 litros (Diâmetro: 23 cm, Altura: 12 cm, ~5,0 kg)</li><li>1 x Panela de 3 litros (Diâmetro: 22 cm, Altura: 11 cm, ~4,5 kg)</li><li>1 x Panela de 2 litros (Diâmetro: 22 cm, Altura: 7 cm, ~4,0 kg)</li><li>1 x Panela de 1,5 litro (Diâmetro: 17 cm, Altura: 9 cm, ~3,2 kg)</li><li>1 x Frigideira de pedra (Diâmetro: 23 cm, Altura: 5 cm, ~3,0 kg)</li></ul><h3>Por que pedra-sabão</h3><ul><li>Aquecimento uniforme e eficiente em toda a peça.</li><li>Mantém os alimentos quentes por mais tempo, pois a pedra retém o calor após sair da fonte de calor.</li><li>Compatível com fogão a gás, elétrico, carvão e lenha (exceto indução).</li><li>Design artesanal que valoriza sua cozinha.</li><li>Durabilidade e resistência — cada peça artesanal é única e feita para durar.</li></ul><p><strong>Especificações:</strong> Panela de Pressão 3L + Panelas 3L + 2L + 1,5L + Frigideira 23cm · Gás · Elétrico · Carvão · Fogão a Lenha</p><p><strong>Garantia:</strong> 3 meses contra defeitos de fabricação.</p><p><em>Por ser um produto 100% artesanal, podem ocorrer pequenas variações de medidas, capacidade e design, tornando cada peça única. Iniciamos o processo de cura antes do envio, e você precisará concluí-lo seguindo nossas instruções.</em></p>","Stoneflame","sets","sets, Conjunto Premium, pedra-sabao, artesanal","TRUE","Title","Default Title","OSMENINO_STONE_COOKWARE_SET","shopify","10","deny","manual","4925.00","TRUE","TRUE","https://raw.githubusercontent.com/igormart21/stoneflame/main/public/products/osmenino-set/8442a4c4-3200-4412-834f-ee5079b6e1b8.png","1","Conjunto de Panelas de Pedra Osmenino","FALSE","Conjunto de Panelas de Pedra Osmenino","Uma cozinha de artesão completa em pura pedra-sabão","active"
"osmenino-stone-cookware-set","","","","","","","","","","","","","","","","","https://raw.githubusercontent.com/igormart21/stoneflame/main/public/products/osmenino-set/e5469dc7-12b9-4f7c-9474-7845cf33155a.png","2","Conjunto de Panelas de Pedra Osmenino","","","",""
"osmenino-stone-cookware-set","","","","","","","","","","","","","","","","","https://raw.githubusercontent.com/igormart21/stoneflame/main/public/products/osmenino-set/8702a595-3054-4716-9e23-c1745eaca1eb.png","3","Conjunto de Panelas de Pedra Osmenino","","","",""
"osmenino-stone-cookware-set","","","","","","","","","","","","","","","","","https://raw.githubusercontent.com/igormart21/stoneflame/main/public/products/osmenino-set/b7b34a78-b901-4352-a6f8-f29dddc8d002.png","4","Conjunto de Panelas de Pedra Osmenino","","","",""
"osmenino-stone-cookware-set","","","","","","","","","","","","","","","","","https://raw.githubusercontent.com/igormart21/stoneflame/main/public/products/osmenino-set/03796fa8-6905-4d32-bbc2-6276e145b215.png","5","Conjunto de Panelas de Pedra Osmenino","","","",""
"osmenino-stone-cookware-set","","","","","","","","","","","","","","","","","https://raw.githubusercontent.com/igormart21/stoneflame/main/public/products/osmenino-set/89dc5b44-8191-4b6b-b3d7-0a90f311986a.png","6","Conjunto de Panelas de Pedra Osmenino","","","",""
"osmenino-stone-cookware-set","","","","","","","","","","","","","","","","","https://raw.githubusercontent.com/igormart21/stoneflame/main/public/products/osmenino-set/f9d99df5-c5ae-48da-8b97-dcecda0662dd.png","7","Conjunto de Panelas de Pedra Osmenino","","","",""
"set-3-pots-pressure-cooker-4l","Conjunto de 3 Panelas de Pedra + Panela de Pressão - 4 litros","<p>As panelas de pedra-sabão combinam perfeitamente tradição, funcionalidade e elegância. Com elas, você pode preparar e servir refeições incrivelmente saborosas enquanto aproveita os benefícios dos minerais naturais da pedra, como ferro, cálcio e manganês, que contribuem para a sua saúde. Além do design sofisticado e artesanal, essas panelas mantêm os alimentos quentes por muito mais tempo, pois a pedra retém o calor mesmo após sair da fonte de calor. Nosso exclusivo modelo de panela de pressão de pedra-sabão se destaca no mercado pela inovação e segurança incomparável. Sem grampos ou travas de metal, elimina o risco de explosão, garantindo mais tranquilidade no seu dia a dia. A pressão é gerada pelo peso da tampa e seu encaixe preciso na borda da panela, permitindo que o calor circule internamente antes de ser liberado pela válvula de vapor. Cada peça é única, feita à mão, garantindo exclusividade e um toque especial na sua cozinha. Além disso, ao comprar nossas panelas, você apoia o trabalho de artesãos que preservam essa tradição centenária.</p><h3>O que está incluso</h3><ul><li>1 x Panela de Pressão de 4 litros (Diâmetro: 23 cm, Altura: 12 cm, ~5,0 kg)</li><li>1 x Panela de 2 litros (Diâmetro: 22 cm, Altura: 7 cm, ~4,0 kg)</li><li>1 x Panela de 1,5 litro (Diâmetro: 17 cm, Altura: 9 cm, ~3,2 kg)</li><li>1 x Panela de 0,8 litro (Diâmetro: 14 cm, Altura: 9 cm, ~2,0 kg)</li></ul><h3>Por que pedra-sabão</h3><ul><li>Aquecimento uniforme e eficiente em toda a peça.</li><li>Mantém os alimentos quentes por mais tempo, pois a pedra retém o calor após sair da fonte de calor.</li><li>Compatível com fogão a gás, elétrico, carvão e lenha (exceto indução).</li><li>Design artesanal que valoriza sua cozinha, com minerais naturais (ferro, cálcio, manganês) transferidos para a comida.</li><li>Durabilidade e resistência — cada peça artesanal é única e feita para durar.</li></ul><p><strong>Especificações:</strong> Panela de Pressão 4L + 2L + 1,5L + 0,8L · Gás · Elétrico · Carvão · Fogão a Lenha</p><p><strong>Garantia:</strong> 3 meses contra defeitos de fabricação.</p><p><em>Por ser um produto 100% artesanal, podem ocorrer pequenas variações de medidas, capacidade e design, tornando cada peça única. Iniciamos o processo de cura antes do envio, e você precisará concluí-lo seguindo nossas instruções.</em></p>","Stoneflame","sets","sets, Conjunto Especial, pedra-sabao, artesanal","TRUE","Title","Default Title","SET_3_POTS_PRESSURE_COOKER_4L","shopify","10","deny","manual","3945.00","TRUE","TRUE","https://raw.githubusercontent.com/igormart21/stoneflame/main/public/products/set-3-pots-pressure-4l/main.png","1","Conjunto de 3 Panelas de Pedra + Panela de Pressão - 4 litros","FALSE","Conjunto de 3 Panelas de Pedra + Panela de Pressão - 4 litros","Tradição, função e elegância em um só conjunto","active"
"set-3-pots-pressure-cooker-4l","","","","","","","","","","","","","","","","","https://raw.githubusercontent.com/igormart21/stoneflame/main/public/products/set-3-pots-pressure-4l/pressure-cooker.png","2","Conjunto de 3 Panelas de Pedra + Panela de Pressão - 4 litros","","","",""
"set-3-pots-pressure-cooker-4l","","","","","","","","","","","","","","","","","https://raw.githubusercontent.com/igormart21/stoneflame/main/public/products/set-3-pots-pressure-4l/pot.png","3","Conjunto de 3 Panelas de Pedra + Panela de Pressão - 4 litros","","","",""
"set-3-pots-pressure-cooker-4l","","","","","","","","","","","","","","","","","https://raw.githubusercontent.com/igormart21/stoneflame/main/public/products/set-3-pots-pressure-4l/pot-rice.png","4","Conjunto de 3 Panelas de Pedra + Panela de Pressão - 4 litros","","","",""
"luxury-soapstone-water-filter-10l","Filtro de Água de Pedra-Sabão de Luxo 10L com Cobre Puro","<p>Traga elegância e bem-estar para sua casa com este belo filtro de água de pedra-sabão de 10 litros, feito à mão com detalhes em cobre puro. Perfeito para quem busca água limpa e fresca enquanto adiciona uma peça decorativa de luxo à cozinha. Com capacidade de 10 litros (5L superior + 5L inferior), inclui torneira e 2 velas filtrantes, pronto para uso imediato. Feito de pedra-sabão natural e cobre puro, mantém a água naturalmente fresca, com um acabamento premium artesanal resistente e durável. Dimensões: Altura 54,8 cm, Largura 23,9 cm, Abertura 14 cm.</p><h3>O que está incluso</h3><ul><li>1 x Filtro de Água de Pedra-Sabão de 10 litros (5L superior + 5L inferior)</li><li>1 x Torneira</li><li>2 x Velas filtrantes</li><li>1 x Manual de instruções</li><li>Embalagem segura</li></ul><h3>Por que pedra-sabão</h3><ul><li>A filtração natural ajuda a remover impurezas para uma água limpa e fresca.</li><li>Mantém a água naturalmente fresca graças às propriedades térmicas da pedra-sabão.</li><li>Design elegante e sofisticado — perfeito para cozinhas modernas, de luxo ou rústicas.</li><li>Uma bela peça de destaque para a bancada e uma ótima ideia de presente.</li><li>Acabamento premium artesanal em pedra-sabão natural e cobre puro — resistente e durável.</li></ul><p><strong>Especificações:</strong> 10L (5L superior + 5L inferior) · Bancada</p><p><strong>Garantia:</strong> 3 meses contra defeitos de fabricação.</p><p><em>Feito em um processo totalmente artesanal, por isso pequenas variações de dimensões, textura e coloração são normais e tornam cada peça única.</em></p>","Stoneflame","tableware","tableware, Luxo, pedra-sabao, artesanal","TRUE","Title","Default Title","LUXURY_SOAPSTONE_WATER_FILTER_10L","shopify","10","deny","manual","2495.00","TRUE","TRUE","https://raw.githubusercontent.com/igormart21/stoneflame/main/public/products/water-filter-10l/main.jpg","1","Filtro de Água de Pedra-Sabão de Luxo 10L com Cobre Puro","FALSE","Filtro de Água de Pedra-Sabão de Luxo 10L com Cobre Puro","Água naturalmente fresca • Decoração elegante • Acabamento premium artesanal","active"
"luxury-soapstone-water-filter-10l","","","","","","","","","","","","","","","","","https://raw.githubusercontent.com/igormart21/stoneflame/main/public/products/water-filter-10l/specs.jpg","2","Filtro de Água de Pedra-Sabão de Luxo 10L com Cobre Puro","","","",""
"luxury-soapstone-water-filter-10l","","","","","","","","","","","","","","","","","https://raw.githubusercontent.com/igormart21/stoneflame/main/public/products/water-filter-10l/top-open.jpg","3","Filtro de Água de Pedra-Sabão de Luxo 10L com Cobre Puro","","","",""
"luxury-soapstone-water-filter-10l","","","","","","","","","","","","","","","","","https://raw.githubusercontent.com/igormart21/stoneflame/main/public/products/water-filter-10l/faucet.jpg","4","Filtro de Água de Pedra-Sabão de Luxo 10L com Cobre Puro","","","",""
"luxury-soapstone-water-filter-10l","","","","","","","","","","","","","","","","","https://raw.githubusercontent.com/igormart21/stoneflame/main/public/products/water-filter-10l/filter-candles.jpg","5","Filtro de Água de Pedra-Sabão de Luxo 10L com Cobre Puro","","","",""
"luxury-soapstone-water-filter-10l","","","","","","","","","","","","","","","","","https://raw.githubusercontent.com/igormart21/stoneflame/main/public/products/water-filter-10l/lifestyle.jpg","6","Filtro de Água de Pedra-Sabão de Luxo 10L com Cobre Puro","","","",""
"soapstone-baking-pan-m","Forma de Pedra-Sabão M","<p>Uma forma de pedra-sabão é a opção perfeita para fazer massas, bolos e todo tipo de assados. Feita à mão com pedra-sabão genuína e elegantes alças de cobre, distribui o calor de maneira uniforme e traz o sabor autêntico e o calor da cozinha na pedra para as suas criações no forno.</p><h3>O que está incluso</h3><ul><li>1 x Forma de Pedra-Sabão, tamanho M (Comprimento: 32 cm, Largura: 20 cm, Altura: 5,5 cm)</li><li>Alças de cobre</li></ul><h3>Por que pedra-sabão</h3><ul><li>Tem a capacidade de liberar gradualmente o calor contido na pedra, mantendo seus alimentos quentes por cerca de 1 a 2 horas após o cozimento.</li><li>Muito mais saudável! Alguns estudos recentes indicam a transferência de nutrientes benéficos (Fe, Zn, Ca, Mg) da panela para a comida.</li><li>Material 100% natural — não transfere substâncias nocivas para a comida.</li><li>Naturalmente antiaderente, facilitando muito a limpeza e o cozimento.</li><li>Perfeita para massas, bolos, lasanhas e todo tipo de assados.</li></ul><p><strong>Especificações:</strong> 32 x 20 cm · Forno · Gás · Fogão a Lenha</p><p><strong>Garantia:</strong> 3 meses contra defeitos de fabricação.</p><p><em>Feito em um processo totalmente artesanal, por isso pode haver pequenas variações nas dimensões da peça.</em></p>","Stoneflame","frying-pans","frying-pans, Forma, pedra-sabao, artesanal","TRUE","Title","Default Title","SOAPSTONE_BAKING_PAN_M","shopify","10","deny","manual","1795.00","TRUE","TRUE","https://raw.githubusercontent.com/igormart21/stoneflame/main/public/products/baking-pan-m/main.png","1","Forma de Pedra-Sabão M","FALSE","Forma de Pedra-Sabão M","A forma perfeita para massas, bolos e assados","active"
"soapstone-baking-pan-m","","","","","","","","","","","","","","","","","https://raw.githubusercontent.com/igormart21/stoneflame/main/public/products/baking-pan-m/with-food.png","2","Forma de Pedra-Sabão M","","","",""
"soapstone-grill-32cm-rechaud","Grelha de Pedra-Sabão 32cm + Rechaud","<p>As grelhas de pedra-sabão se destacam pela força e dureza; têm também a vantagem de ser pedra refratária, o que as torna excelentes para carnes. Mas também podem ser usadas para fazer omeletes, carnes, legumes gratinados e muitos outros pratos deliciosos. Esta grelha de 32 cm vem com uma base rechaud para manter sua comida quente direto na mesa. A grelha chegará à sua nova casa e precisará passar pelo processo de cura.</p><h3>O que está incluso</h3><ul><li>1 x Grelha de Pedra-Sabão (32 cm) com alças de cobre</li><li>1 x Base Rechaud de Pedra-Sabão</li></ul><h3>Por que pedra-sabão</h3><ul><li>Tem a capacidade de liberar gradualmente o calor contido na pedra, mantendo seus alimentos quentes por cerca de 1 a 2 horas após o cozimento.</li><li>Muito mais saudável! Alguns estudos recentes indicam a transferência de nutrientes benéficos (Fe, Zn, Ca, Mg) da panela para a comida.</li><li>Material 100% natural — não transfere substâncias nocivas para a comida.</li><li>A pedra refratária a torna excelente para grelhar carnes, omeletes e legumes gratinados.</li><li>O rechaud incluso mantém seus pratos quentes direto na mesa.</li></ul><p><strong>Especificações:</strong> 32 cm · Fogo Aberto · Gás · Rechaud de Mesa</p><p><strong>Garantia:</strong> 3 meses contra defeitos de fabricação.</p><p><em>Feito em um processo totalmente artesanal, por isso pode haver pequenas variações nas dimensões da peça. A grelha precisará passar por um processo de cura antes do primeiro uso.</em></p>","Stoneflame","grills","grills, Grelha, pedra-sabao, artesanal","TRUE","Title","Default Title","SOAPSTONE_GRILL_32CM_RECHAUD","shopify","10","deny","manual","795.00","TRUE","TRUE","https://raw.githubusercontent.com/igormart21/stoneflame/main/public/products/grill-32cm-rechaud/main.png","1","Grelha de Pedra-Sabão 32cm + Rechaud","FALSE","Grelha de Pedra-Sabão 32cm + Rechaud","Grelhar em pedra refratária, direto na mesa","active"
"fondue-set-pot-grill","Conjunto de Fondue – Panela (0,8L) + Grelha (32 cm)","<p>Em uma única compra, você terá tudo o que precisa para fazer um delicioso prato de carnes grelhadas e um saboroso fondue de queijo ou chocolate! Feito à mão com pedra-sabão genuína, este conjunto completo traz o calor e a convivência da cozinha à mesa para os seus encontros — grelhe suas carnes e derreta seu fondue direto na mesa.</p><h3>O que está incluso</h3><ul><li>1 x Grelha de pedra-sabão, 32 cm</li><li>1 x Panela de pedra-sabão, 0,8 L (Altura: 10 cm | Largura: 13 cm)</li><li>2 x Rechauds de pedra-sabão</li><li>1 x Molheira (Altura: 5 cm / Largura: 7 cm)</li><li>2 x Molheiras (Altura: 5 cm / Largura: 10 cm)</li><li>3 x Molheiras (Altura: 5 cm / Largura: 12 cm)</li></ul><h3>Por que pedra-sabão</h3><ul><li>Tem a capacidade de liberar gradualmente o calor contido na pedra, mantendo seus alimentos quentes por cerca de 1 a 2 horas após o cozimento.</li><li>Muito mais saudável! Alguns estudos recentes indicam a transferência de nutrientes benéficos (Fe, Zn, Ca, Mg) da panela para a comida.</li><li>Material 100% natural — não transfere substâncias nocivas para a comida.</li><li>Naturalmente antiaderente, facilitando muito a limpeza e o cozimento.</li><li>Perfeito para carnes grelhadas e fondue de queijo ou chocolate, direto na mesa.</li></ul><p><strong>Especificações:</strong> Panela 0,8L + Grelha 32cm + 2 Rechauds + Molheiras · Mesa</p><p><strong>Garantia:</strong> 3 meses contra defeitos de fabricação.</p><p><em>As panelas de pedra são feitas em um processo totalmente artesanal, por isso pode haver pequenas variações nas dimensões das peças.</em></p>","Stoneflame","grills","grills, Conjunto Especial, pedra-sabao, artesanal","TRUE","Title","Default Title","FONDUE_SET_POT_GRILL","shopify","10","deny","manual","1995.00","TRUE","TRUE","https://raw.githubusercontent.com/igormart21/stoneflame/main/public/products/fondue-set/main.png","1","Conjunto de Fondue – Panela (0,8L) + Grelha (32 cm)","FALSE","Conjunto de Fondue – Panela (0,8L) + Grelha (32 cm)","Carnes grelhadas e fondue em um único conjunto","active"
"fondue-set-pot-grill","","","","","","","","","","","","","","","","","https://raw.githubusercontent.com/igormart21/stoneflame/main/public/products/fondue-set/pot-rechaud.png","2","Conjunto de Fondue – Panela (0,8L) + Grelha (32 cm)","","","",""
"fondue-set-pot-grill","","","","","","","","","","","","","","","","","https://raw.githubusercontent.com/igormart21/stoneflame/main/public/products/fondue-set/grill.png","3","Conjunto de Fondue – Panela (0,8L) + Grelha (32 cm)","","","",""
"fondue-set-pot-grill","","","","","","","","","","","","","","","","","https://raw.githubusercontent.com/igormart21/stoneflame/main/public/products/fondue-set/pot.png","4","Conjunto de Fondue – Panela (0,8L) + Grelha (32 cm)","","","",""
"fondue-set-pot-grill","","","","","","","","","","","","","","","","","https://raw.githubusercontent.com/igormart21/stoneflame/main/public/products/fondue-set/bowls.png","5","Conjunto de Fondue – Panela (0,8L) + Grelha (32 cm)","","","",""
"fondue-set-pot-grill-27cm","Conjunto de Fondue – Panela + Grelha (27 cm)","<p>Em uma única compra, você terá tudo o que precisa para fazer um delicioso prato de carnes grelhadas e um saboroso fondue de queijo ou chocolate! Feito à mão com pedra-sabão genuína, este conjunto completo traz o calor e a convivência da cozinha à mesa para os seus encontros — grelhe suas carnes e derreta seu fondue direto na mesa.</p><h3>O que está incluso</h3><ul><li>1 x Grelha de pedra-sabão, 27 cm</li><li>1 x Panela de pedra-sabão, 0,8 L (Altura: 10 cm | Largura: 13 cm)</li><li>2 x Rechauds de pedra-sabão</li><li>1 x Molheira (Altura: 5 cm / Largura: 7 cm)</li><li>2 x Molheiras (Altura: 5 cm / Largura: 10 cm)</li><li>3 x Molheiras (Altura: 5 cm / Largura: 12 cm)</li></ul><h3>Por que pedra-sabão</h3><ul><li>Tem a capacidade de liberar gradualmente o calor contido na pedra, mantendo seus alimentos quentes por cerca de 1 a 2 horas após o cozimento.</li><li>Muito mais saudável! Alguns estudos recentes indicam a transferência de nutrientes benéficos (Fe, Zn, Ca, Mg) da panela para a comida.</li><li>Material 100% natural — não transfere substâncias nocivas para a comida.</li><li>Naturalmente antiaderente, facilitando muito a limpeza e o cozimento.</li><li>Perfeito para carnes grelhadas e fondue de queijo ou chocolate, direto na mesa.</li></ul><p><strong>Especificações:</strong> Panela 0,8L + Grelha 27cm + 2 Rechauds + Molheiras · Mesa</p><p><strong>Garantia:</strong> 3 meses contra defeitos de fabricação.</p><p><em>As panelas de pedra são feitas em um processo totalmente artesanal, por isso pode haver pequenas variações nas dimensões das peças.</em></p>","Stoneflame","grills","grills, Conjunto Especial, pedra-sabao, artesanal","TRUE","Title","Default Title","FONDUE_SET_POT_GRILL_27CM","shopify","10","deny","manual","1960.00","TRUE","TRUE","https://raw.githubusercontent.com/igormart21/stoneflame/main/public/products/fondue-set-27cm/main.png","1","Conjunto de Fondue – Panela + Grelha (27 cm)","FALSE","Conjunto de Fondue – Panela + Grelha (27 cm)","Carnes grelhadas e fondue em um único conjunto","active"
"fondue-set-pot-grill-27cm","","","","","","","","","","","","","","","","","https://raw.githubusercontent.com/igormart21/stoneflame/main/public/products/fondue-set-27cm/pot-rechaud.png","2","Conjunto de Fondue – Panela + Grelha (27 cm)","","","",""
"fondue-set-pot-grill-27cm","","","","","","","","","","","","","","","","","https://raw.githubusercontent.com/igormart21/stoneflame/main/public/products/fondue-set-27cm/grill.png","3","Conjunto de Fondue – Panela + Grelha (27 cm)","","","",""
"fondue-set-pot-grill-27cm","","","","","","","","","","","","","","","","","https://raw.githubusercontent.com/igormart21/stoneflame/main/public/products/fondue-set-27cm/pot.png","4","Conjunto de Fondue – Panela + Grelha (27 cm)","","","",""
"fondue-set-pot-grill-27cm","","","","","","","","","","","","","","","","","https://raw.githubusercontent.com/igormart21/stoneflame/main/public/products/fondue-set-27cm/bowls.png","5","Conjunto de Fondue – Panela + Grelha (27 cm)","","","",""
"soapstone-fondue-kit","Kit de Fondue de Pedra-Sabão – Queijo ou Chocolate + Molheiras","<p>Em uma única compra, você terá tudo o que precisa para fazer o fondue de queijo ou chocolate dos seus sonhos! Feito à mão com pedra-sabão genuína, este kit mantém seu fondue quente e cremoso direto na mesa, trazendo o calor e a convivência da cozinha à mesa para os seus encontros.</p><h3>O que está incluso</h3><ul><li>1 x Panela de pedra-sabão, 0,8 L (Altura: 10 cm | Largura: 13 cm)</li><li>1 x Rechaud de pedra-sabão</li><li>1 x Molheira (Altura: 5 cm / Largura: 7 cm)</li><li>1 x Molheira (Altura: 5 cm / Largura: 10 cm)</li><li>1 x Molheira (Altura: 5 cm / Largura: 12 cm)</li></ul><h3>Por que pedra-sabão</h3><ul><li>Tem a capacidade de liberar gradualmente o calor contido na pedra, mantendo seus alimentos quentes por cerca de 1 a 2 horas após o cozimento.</li><li>Muito mais saudável! Alguns estudos recentes indicam a transferência de nutrientes benéficos (Fe, Zn, Ca, Mg) da panela para a comida.</li><li>Material 100% natural — não transfere substâncias nocivas para a comida.</li><li>Naturalmente antiaderente, facilitando muito a limpeza e o cozimento.</li><li>Perfeito para fondue de queijo ou chocolate, direto na mesa.</li></ul><p><strong>Especificações:</strong> Panela 0,8L + Rechaud + Molheiras · Mesa</p><p><strong>Garantia:</strong> 3 meses contra defeitos de fabricação.</p><p><em>As panelas de pedra são feitas em um processo totalmente artesanal, por isso pode haver pequenas variações nas dimensões das peças.</em></p>","Stoneflame","grills","grills, Kit Fondue, pedra-sabao, artesanal","TRUE","Title","Default Title","SOAPSTONE_FONDUE_KIT","shopify","10","deny","manual","1145.00","TRUE","TRUE","https://raw.githubusercontent.com/igormart21/stoneflame/main/public/products/fondue-kit/main.png","1","Kit de Fondue de Pedra-Sabão – Queijo ou Chocolate + Molheiras","FALSE","Kit de Fondue de Pedra-Sabão – Queijo ou Chocolate + Molheiras","Tudo o que você precisa para o fondue dos seus sonhos","active"
"complete-soapstone-fondue-set-32cm","Conjunto Completo de Fondue de Pedra-Sabão (Grelha 32 cm)","<p>Em uma única compra, você terá tudo o que precisa para fazer um delicioso bife grelhado e um saboroso fondue de queijo ou chocolate! Produto ideal para 3 a 6 pessoas. Feito à mão com pedra-sabão genuína, este conjunto completo traz o calor e a convivência da cozinha à mesa para os seus encontros — grelhe suas carnes e derreta seu fondue direto na mesa, com garfos de aço inox inclusos.</p><h3>O que está incluso</h3><ul><li>1 x Grelha de pedra-sabão de 32 cm</li><li>2 x Panela de pedra-sabão, 0,8 L (Altura: 10 cm | Largura: 13 cm)</li><li>3 x Rechauds de pedra-sabão</li><li>2 x Molheiras (Altura: 5 cm / Largura: 7 cm)</li><li>2 x Molheiras (Altura: 5 cm / Largura: 10 cm)</li><li>2 x Molheiras (Altura: 5 cm / Largura: 12 cm)</li><li>6 x Garfos de fondue de aço inox com cabos de plástico de alta resistência</li></ul><h3>Por que pedra-sabão</h3><ul><li>Tem a capacidade de liberar gradualmente o calor contido na pedra, mantendo seus alimentos quentes por cerca de 1 a 2 horas após o cozimento.</li><li>Muito mais saudável! Alguns estudos recentes indicam a transferência de nutrientes benéficos (Fe, Zn, Ca, Mg) da panela para a comida.</li><li>Material 100% natural — não transfere substâncias nocivas para a comida.</li><li>Naturalmente antiaderente, facilitando muito a limpeza e o cozimento.</li><li>Perfeito para bife grelhado e fondue de queijo ou chocolate, direto na mesa.</li></ul><p><strong>Especificações:</strong> Grelha 32cm + 2x Panelas 0,8L + 3 Rechauds + 6 Molheiras + 6 Garfos · Mesa</p><p><strong>Garantia:</strong> 3 meses contra defeitos de fabricação.</p><p><em>As panelas de pedra são feitas em um processo totalmente artesanal, por isso pode haver pequenas variações nas dimensões das peças.</em></p>","Stoneflame","grills","grills, Conjunto Completo, pedra-sabao, artesanal","TRUE","Title","Default Title","COMPLETE_SOAPSTONE_FONDUE_SET_32CM","shopify","10","deny","manual","2845.00","TRUE","TRUE","https://raw.githubusercontent.com/igormart21/stoneflame/main/public/products/complete-fondue-set-32cm/main.png","1","Conjunto Completo de Fondue de Pedra-Sabão (Grelha 32 cm)","FALSE","Conjunto Completo de Fondue de Pedra-Sabão (Grelha 32 cm)","Bife grelhado e fondue para 3 a 6 pessoas","active"
"complete-soapstone-fondue-set-32cm","","","","","","","","","","","","","","","","","https://raw.githubusercontent.com/igormart21/stoneflame/main/public/products/complete-fondue-set-32cm/alt.png","2","Conjunto Completo de Fondue de Pedra-Sabão (Grelha 32 cm)","","","",""
"complete-soapstone-fondue-set-32cm","","","","","","","","","","","","","","","","","https://raw.githubusercontent.com/igormart21/stoneflame/main/public/products/complete-fondue-set-32cm/pot-rechaud.png","3","Conjunto Completo de Fondue de Pedra-Sabão (Grelha 32 cm)","","","",""
"complete-soapstone-fondue-set-32cm","","","","","","","","","","","","","","","","","https://raw.githubusercontent.com/igormart21/stoneflame/main/public/products/complete-fondue-set-32cm/grill.png","4","Conjunto Completo de Fondue de Pedra-Sabão (Grelha 32 cm)","","","",""
"complete-soapstone-fondue-set-32cm","","","","","","","","","","","","","","","","","https://raw.githubusercontent.com/igormart21/stoneflame/main/public/products/complete-fondue-set-32cm/bowls.png","5","Conjunto Completo de Fondue de Pedra-Sabão (Grelha 32 cm)","","","",""
"complete-soapstone-fondue-set-27cm","Conjunto Completo de Fondue de Pedra-Sabão (Grelha 27 cm)","<p>Em uma única compra, você terá tudo o que precisa para fazer um delicioso bife grelhado e um saboroso fondue de queijo ou chocolate! Produto ideal para 1 a 4 pessoas. Feito à mão com pedra-sabão genuína, este conjunto completo traz o calor e a convivência da cozinha à mesa para os seus encontros — grelhe suas carnes e derreta seu fondue direto na mesa, com garfos de aço inox inclusos.</p><h3>O que está incluso</h3><ul><li>1 x Grelha de pedra-sabão de 27 cm</li><li>2 x Panela de pedra-sabão, 0,8 L (Altura: 10 cm | Largura: 13 cm)</li><li>3 x Rechauds de pedra-sabão</li><li>2 x Molheiras (Altura: 5 cm / Largura: 7 cm)</li><li>2 x Molheiras (Altura: 5 cm / Largura: 10 cm)</li><li>2 x Molheiras (Altura: 5 cm / Largura: 12 cm)</li><li>6 x Garfos de fondue de aço inox com cabos de plástico de alta resistência</li></ul><h3>Por que pedra-sabão</h3><ul><li>Tem a capacidade de liberar gradualmente o calor contido na pedra, mantendo seus alimentos quentes por cerca de 1 a 2 horas após o cozimento.</li><li>Muito mais saudável! Alguns estudos recentes indicam a transferência de nutrientes benéficos (Fe, Zn, Ca, Mg) da panela para a comida.</li><li>Material 100% natural — não transfere substâncias nocivas para a comida.</li><li>Naturalmente antiaderente, facilitando muito a limpeza e o cozimento.</li><li>Perfeito para bife grelhado e fondue de queijo ou chocolate, direto na mesa.</li></ul><p><strong>Especificações:</strong> Grelha 27cm + 2x Panelas 0,8L + 3 Rechauds + 6 Molheiras + 6 Garfos · Mesa</p><p><strong>Garantia:</strong> 3 meses contra defeitos de fabricação.</p><p><em>As peças de pedra-sabão são enviadas novas em seu estado natural (cinza) e precisam passar por um processo de cura antes do primeiro uso — após a cura, sua peça ficará permanentemente preta (um manual de cura passo a passo está incluído). As panelas de pedra são feitas em um processo totalmente artesanal, por isso pode haver pequenas variações nas dimensões das peças.</em></p>","Stoneflame","grills","grills, Conjunto Completo, pedra-sabao, artesanal","TRUE","Title","Default Title","COMPLETE_SOAPSTONE_FONDUE_SET_27CM","shopify","10","deny","manual","2695.00","TRUE","TRUE","https://raw.githubusercontent.com/igormart21/stoneflame/main/public/products/complete-fondue-set-27cm/main.png","1","Conjunto Completo de Fondue de Pedra-Sabão (Grelha 27 cm)","FALSE","Conjunto Completo de Fondue de Pedra-Sabão (Grelha 27 cm)","Bife grelhado e fondue para 1 a 4 pessoas","active"
"complete-soapstone-fondue-set-27cm","","","","","","","","","","","","","","","","","https://raw.githubusercontent.com/igormart21/stoneflame/main/public/products/complete-fondue-set-27cm/alt.png","2","Conjunto Completo de Fondue de Pedra-Sabão (Grelha 27 cm)","","","",""
"complete-soapstone-fondue-set-27cm","","","","","","","","","","","","","","","","","https://raw.githubusercontent.com/igormart21/stoneflame/main/public/products/complete-fondue-set-27cm/pot-rechaud.png","3","Conjunto Completo de Fondue de Pedra-Sabão (Grelha 27 cm)","","","",""
"complete-soapstone-fondue-set-27cm","","","","","","","","","","","","","","","","","https://raw.githubusercontent.com/igormart21/stoneflame/main/public/products/complete-fondue-set-27cm/grill.png","4","Conjunto Completo de Fondue de Pedra-Sabão (Grelha 27 cm)","","","",""
"complete-soapstone-fondue-set-27cm","","","","","","","","","","","","","","","","","https://raw.githubusercontent.com/igormart21/stoneflame/main/public/products/complete-fondue-set-27cm/bowls.png","5","Conjunto Completo de Fondue de Pedra-Sabão (Grelha 27 cm)","","","",""
"soapstone-dinnerware-set-8","Conjunto de Jantar de Pedra-Sabão (8 lugares)","<p>Encante seus convidados com nosso requintado Conjunto de Jantar de Pedra-Sabão, uma fusão perfeita de elegância atemporal e funcionalidade. Cada peça é esculpida com maestria em pedra-sabão, proporcionando não apenas uma experiência culinária excepcional, mas também uma apresentação magnífica. A pedra-sabão de qualidade premium garante durabilidade, resistência e um toque de charme rústico refinado, enquanto o design atemporal acrescenta uma dimensão estética à sua mesa. As dimensões cuidadosamente escolhidas garantem praticidade, e a versatilidade das peças permite diversas configurações de mesa.</p><h3>O que está incluso</h3><ul><li>8 x Pratos para massa (22 cm)</li><li>8 x Pratos rasos (28 cm)</li><li>8 x Pratos de sobremesa (20 cm)</li><li>8 x Tigelas com pires (500 ml)</li></ul><h3>Por que pedra-sabão</h3><ul><li>Cada peça é esculpida com maestria em pedra-sabão de qualidade premium, para durabilidade e resistência.</li><li>Design elegante e atemporal que acrescenta uma dimensão estética à sua mesa.</li><li>Dimensões práticas e versáteis para diversas configurações de mesa.</li><li>Material 100% natural, com um charme rústico refinado.</li><li>Envio seguro em caixas de madeira — cada peça chega protegida e em perfeito estado.</li></ul><p><strong>Especificações:</strong> 8 Lugares · 32 Peças · Mesa</p><p><strong>Garantia:</strong> 3 meses contra defeitos de fabricação.</p><p><em>Cada peça é esculpida em pedra-sabão natural por um processo artesanal, por isso pequenas variações de dimensões, textura e coloração são normais e tornam cada peça única. Todas as peças são cuidadosamente embaladas em caixas de madeira para um transporte seguro.</em></p>","Stoneflame","tableware","tableware, Luxo, pedra-sabao, artesanal","TRUE","Title","Default Title","SOAPSTONE_DINNERWARE_SET_8","shopify","10","deny","manual","7680.00","TRUE","TRUE","https://raw.githubusercontent.com/igormart21/stoneflame/main/public/products/dinnerware-set-8/main.png","1","Conjunto de Jantar de Pedra-Sabão (8 lugares)","FALSE","Conjunto de Jantar de Pedra-Sabão (8 lugares)","Elegância atemporal, esculpida com maestria na pedra","active"
"soapstone-dinnerware-set-8","","","","","","","","","","","","","","","","","https://raw.githubusercontent.com/igormart21/stoneflame/main/public/products/dinnerware-set-8/stacked.png","2","Conjunto de Jantar de Pedra-Sabão (8 lugares)","","","",""
"soapstone-dinnerware-set-8","","","","","","","","","","","","","","","","","https://raw.githubusercontent.com/igormart21/stoneflame/main/public/products/dinnerware-set-8/set-ladles.png","3","Conjunto de Jantar de Pedra-Sabão (8 lugares)","","","",""
"soapstone-dinnerware-set-8","","","","","","","","","","","","","","","","","https://raw.githubusercontent.com/igormart21/stoneflame/main/public/products/dinnerware-set-8/lifestyle.png","4","Conjunto de Jantar de Pedra-Sabão (8 lugares)","","","",""
"soapstone-dinnerware-set-8","","","","","","","","","","","","","","","","","https://raw.githubusercontent.com/igormart21/stoneflame/main/public/products/dinnerware-set-8/plates.png","5","Conjunto de Jantar de Pedra-Sabão (8 lugares)","","","",""
"soapstone-dinnerware-set-8","","","","","","","","","","","","","","","","","https://raw.githubusercontent.com/igormart21/stoneflame/main/public/products/dinnerware-set-8/plates-detail.png","6","Conjunto de Jantar de Pedra-Sabão (8 lugares)","","","",""
"soapstone-bowls-8-with-saucer","8 Tigelas de Pedra-Sabão 500 ML – Com Pires","<p>A tigela de pedra-sabão é uma peça versátil com diversos usos; além de servir refeições, também pode ir ao forno. Mantenha seus caldos e sorvetes na temperatura certa por muito mais tempo! Cada tigela acompanha seu próprio pires. As peças são feitas em um processo 100% artesanal, por isso pode haver pequenas variações nas dimensões.</p><h3>O que está incluso</h3><ul><li>8 x Tigelas de pedra-sabão, 500 ml (Altura: 5,5 cm, Largura: 13 cm)</li><li>8 x Pires combinando (14,5 cm de diâmetro)</li></ul><h3>Por que pedra-sabão</h3><ul><li>Peça versátil — perfeita para servir refeições e também vai ao forno.</li><li>Mantém caldos, sopas e sorvetes na temperatura certa por muito mais tempo.</li><li>Pedra-sabão 100% natural, com um charme rústico refinado.</li><li>Cada tigela acompanha seu próprio pires combinando.</li><li>Não precisa de cura — para escurecer a peça, basta aplicar óleo na superfície e aguardar 30 minutos.</li></ul><p><strong>Especificações:</strong> 8 x 500 ml · Com Pires · Mesa · Vai ao Forno</p><p><strong>Garantia:</strong> 3 meses contra defeitos de fabricação.</p><p><em>As peças são feitas em um processo 100% artesanal, por isso pode haver pequenas variações nas dimensões. As tigelas de pedra-sabão não precisam de cura; se preferir a peça preta, basta aplicar óleo na superfície e aguardar 30 minutos para escurecer.</em></p>","Stoneflame","tableware","tableware, Mesa, pedra-sabao, artesanal","TRUE","Title","Default Title","SOAPSTONE_BOWLS_8_WITH_SAUCER","shopify","10","deny","manual","1745.00","TRUE","TRUE","https://raw.githubusercontent.com/igormart21/stoneflame/main/public/products/bowls-8-saucer/main.png","1","8 Tigelas de Pedra-Sabão 500 ML – Com Pires","FALSE","8 Tigelas de Pedra-Sabão 500 ML – Com Pires","Tigelas versáteis que mantêm a comida na temperatura certa","active"
"soapstone-bowls-8-with-saucer","","","","","","","","","","","","","","","","","https://raw.githubusercontent.com/igormart21/stoneflame/main/public/products/bowls-8-saucer/single.png","2","8 Tigelas de Pedra-Sabão 500 ML – Com Pires","","","",""
"soapstone-bowls-8-with-saucer","","","","","","","","","","","","","","","","","https://raw.githubusercontent.com/igormart21/stoneflame/main/public/products/bowls-8-saucer/with-food.png","3","8 Tigelas de Pedra-Sabão 500 ML – Com Pires","","","",""
"stone-water-filter-10l","Filtro de Água de Pedra de 10 Litros","<p>Transforme a qualidade da água da sua casa com o Filtro de Água de Pedra de 10 Litros. Feito de pedra natural altamente durável, ajuda a manter a água fresca por mais tempo, combinando eficiência, beleza e tradição em um único produto. Ideal para casas, escritórios e áreas de lazer, seu reservatório de 10 litros oferece excelente capacidade para atender toda a família, reduzindo a necessidade de reabastecimento constante. Tenha água de qualidade sempre disponível e leve para casa a combinação perfeita de tradição, praticidade e bem-estar — mais saúde, economia e estilo para o seu dia a dia.</p><h3>O que está incluso</h3><ul><li>1 x Filtro de Água de Pedra Natural de 10 Litros</li><li>1 x Torneira</li><li>Compatível com velas filtrantes de alta eficiência</li></ul><h3>Por que pedra-sabão</h3><ul><li>Água mais limpa e agradável para o consumo diário.</li><li>Mantém a água naturalmente fresca por mais tempo.</li><li>Capacidade de 10 litros, ideal para toda a família.</li><li>Material resistente com durabilidade duradoura.</li><li>Design elegante que combina com qualquer ambiente, com instalação e manutenção fáceis.</li><li>Uma alternativa sustentável à água engarrafada.</li></ul><p><strong>Especificações:</strong> 10L · Bancada · Residencial e Comercial</p><p><strong>Garantia:</strong> 3 meses contra defeitos de fabricação.</p><p><em>Feito em um processo totalmente artesanal a partir de pedra natural, por isso pequenas variações de dimensões, textura e coloração são normais e tornam cada peça única.</em></p>","Stoneflame","tableware","tableware, Bem-estar, pedra-sabao, artesanal","TRUE","Title","Default Title","STONE_WATER_FILTER_10L","shopify","10","deny","manual","1995.00","TRUE","TRUE","https://raw.githubusercontent.com/igormart21/stoneflame/main/public/products/stone-water-filter-10l/main-v2.png","1","Filtro de Água de Pedra de 10 Litros","FALSE","Filtro de Água de Pedra de 10 Litros","Pureza, elegância e tradição","active"
